"PTH","TG"
0.189116292565068,0.0111065862593506
0.028134550607787,0
0.0283769869158204,0
0.208956530414473,0.00601174170587451
0.0307672158927693,0
