ADIPOQ,CD300LG,FABP4,LEP,PLIN1,Intercept
-0.017680594897126437,0.05973042398985291,-0.4180084587472306,0.12787585409727842,0.06334542771521454,10.017719736429184
