ADIPOQ,CD300LG,FABP4,LEP,PLIN1,Intercept
-0.019230579441275153,0.03705545082407701,-0.40827538105712297,0.1382377169104488,0.03971123302116274,10.00157096654905
