ADIPOQ,CD300LG,FABP4,LEP,PLIN1,Intercept
-0.01325868983919,0.061582496289206735,-0.4184924348547081,0.13180126166204553,0.0498698509276265,10.022940549232105
