ADIPOQ,CD300LG,FABP4,LEP,PLIN1,Intercept
-0.012368303673126453,0.057741160940410256,-0.42036677632177877,0.1301613595252105,0.0737210379261447,10.015706352033748
