ADIPOQ,CD300LG,FABP4,LEP,PLIN1,Intercept
-0.01521846717961357,0.0462042524325751,-0.41559124374514145,0.13694283114698957,0.03558904948508578,10.008659156090337
