AKR1B1,FDX1,GSTA3,SCARB1,Intercept
-0.02929809220537439,-0.14199081263216826,-0.04116347072074815,0.00048368807716405343,10.003878993381118
