AKR1B1,FDX1,GSTA3,SCARB1,Intercept
-0.0318210512616673,-0.1439764756621108,-0.04497408267940739,0.006255918744950437,9.991964050420615
