AKR1B1,FDX1,GSTA3,SCARB1,Intercept
-0.03132797804206926,-0.14569854955099837,-0.0444022640347576,-0.021633592208891512,10.01044831379431
