AKR1B1,FDX1,GSTA3,SCARB1,Intercept
-0.03258700927719435,-0.13495225045027145,-0.04285916531520864,-0.006488706289544069,9.986559528282305
