AKR1B1,FDX1,GSTA3,SCARB1,Intercept
-0.035024815167893374,-0.13927012435910882,-0.05113250165657625,-0.0017691347483135805,10.00316595488277
