ANXA1,CST5,DEFB4A_DEFB4B,GBP6,IL36A,Intercept
-0.17847345062436246,-0.1354216958648841,-0.09035501095579752,0.06869115175544312,-0.0018589942082143447,10.010747512279409
