ANXA1,CST5,DEFB4A_DEFB4B,GBP6,IL36A,Intercept
-0.1784575054164615,-0.16468622579817568,-0.08680138728835982,0.022731207623289174,0.006929285438279831,10.017197767261571
