ANXA1,CST5,DEFB4A_DEFB4B,GBP6,IL36A,Intercept
-0.18813283326469413,-0.15473698304587263,-0.09006798857192531,0.022292990531961814,0.0034717842431960496,9.99773888217755
