ANXA1,CST5,DEFB4A_DEFB4B,GBP6,IL36A,Intercept
-0.18409228251717144,-0.15387138319655158,-0.09037028374248854,0.04028393055896022,0.006008648899039184,10.002174901517842
