ANXA1,CST5,DEFB4A_DEFB4B,GBP6,IL36A,Intercept
-0.18798035308582958,-0.15178985547427154,-0.09237647018775065,0.03131968374040187,0.005221700707273902,10.011663133920514
