ACRBP,ACRV1,ART5,BPIFA2,BRAP,BRDT,BRME1,CBX2,CDC25A,CETN3,CLSPN,CRISP2,DCUN1D1,DDX4,DDX53,DEFB118,DKKL1,DNAJB8,GAGE2A,GJA8,H2AP,HMMR,IL13,IL31,IL5,INSL3,IZUMO1,KEL,KLK3,KLK4,LELP1,LYAR,LYZL2,MAGEA3,MENT,MSMB,NAA80,OTOA,PBK,PDCL2,PRAME,PRND,RAD51,RLN1,SDK2,SPESP1,SPINK2,TCP11,TEX101,TEX33,TIMD4,TMCO5A,TPPP2,UBQLN3,ZNRF4,Intercept
-0.03308502948213609,-0.08374892791352054,0.01743029710637933,0.028913530833140688,0.049499301256801846,-0.1184522137982627,-0.01920481648091727,0.024610478718398464,-0.022005180016287863,-0.0227572026111957,0.018941506783534727,0.06349910474872267,0.021917976634682566,0.046299891466591026,0.009965867053143906,-0.005657421697770237,-0.024323792721627113,0.010940805246102156,-0.010235858400155591,0.03793026709070806,-0.016191840446744137,0.0013364740672725057,0.024398801824632336,0.016211989037553172,0.0055244638759931785,0.07740735755343486,0.05158481830300233,-0.10559801593346702,-0.07680960366568874,-0.2877195869039958,-0.0025249292349970834,-0.0018533003848493674,0.079562610126994,0.018503078956588367,0.4417067799655639,-0.14966671968909023,0.005297951820942233,0.012945226301958077,0.004425514095274606,-0.002866045452919743,0.04515660503010592,-0.029877948721209552,-0.05625738997187037,0.07148837720131263,0.07507373937730318,-0.08721492745420924,-0.14746925503030975,0.011556638854020976,0.013206218827549087,0.02191911852005086,-0.14396952912593314,-0.033575831198324926,0.006677165536229481,-0.0688501635020084,-0.006689726167719527,10.08520164748224
