ACRBP,ACRV1,ART5,BPIFA2,BRAP,BRDT,BRME1,CBX2,CDC25A,CETN3,CLSPN,CRISP2,DCUN1D1,DDX4,DDX53,DEFB118,DKKL1,DNAJB8,GAGE2A,GJA8,H2AP,HMMR,IL13,IL31,IL5,INSL3,IZUMO1,KEL,KLK3,KLK4,LELP1,LYAR,LYZL2,MAGEA3,MENT,MSMB,NAA80,OTOA,PBK,PDCL2,PRAME,PRND,RAD51,RLN1,SDK2,SPESP1,SPINK2,TCP11,TEX101,TEX33,TIMD4,TMCO5A,TPPP2,UBQLN3,ZNRF4,Intercept
-0.0036819652922926364,-0.07550231581035302,0.026446116560119762,0.02541560163703554,0.057793123469593755,-0.0950822353997064,-0.016364208664191075,0.016676303148688346,-0.020852526843882713,-0.03681929224831886,0.010821817782592122,0.03731886864421026,0.022054882825695673,0.056755532464546225,0.005000639295659596,-0.0157647996371388,-0.027112204954342953,0.006521049294699611,-0.021867119365257773,0.03135880309716964,-0.022177893237598372,-0.021100817639814223,0.012856171345640679,0.010664134214363819,0.006053510277096794,0.08392891028110087,0.04978367659270298,-0.121962535652872,-0.08678068198860724,-0.2861374352785808,-0.0051495254999317785,-0.010815506418352747,0.06561820602906847,0.02082612853871914,0.43239396689085785,-0.15235320418157142,-0.014340303135896725,-0.0026501955705723213,-0.02225288867158596,-0.011035943941188944,0.0784689038502102,-0.041935766693980685,-0.04661638116997852,0.058780361402322,0.04983229804932181,-0.0882994378984554,-0.15071241951202533,0.009780634129943396,0.02646345627689152,0.03768103844396502,-0.13092347463040405,-0.01118458107152227,-0.005152377338339987,-0.06599884455275552,-0.009095930145434352,10.07255047939696
