ACRBP,ACRV1,ART5,BPIFA2,BRAP,BRDT,BRME1,CBX2,CDC25A,CETN3,CLSPN,CRISP2,DCUN1D1,DDX4,DDX53,DEFB118,DKKL1,DNAJB8,GAGE2A,GJA8,H2AP,HMMR,IL13,IL31,IL5,INSL3,IZUMO1,KEL,KLK3,KLK4,LELP1,LYAR,LYZL2,MAGEA3,MENT,MSMB,NAA80,OTOA,PBK,PDCL2,PRAME,PRND,RAD51,RLN1,SDK2,SPESP1,SPINK2,TCP11,TEX101,TEX33,TIMD4,TMCO5A,TPPP2,UBQLN3,ZNRF4,Intercept
-0.032090213277129485,-0.08782768315465292,0.019730465831836675,0.03222892173423727,0.03452843989046691,-0.07375301078051347,-0.011223207694507922,0.02729760671677631,0.0049012280836558805,-0.000550524627657564,0.046813682063694385,0.057144831032777774,-0.002406101233244072,0.05586649728643482,0.03942518026476209,-0.026451456508373564,-0.02954860486048525,0.01295969063495643,-0.03262779133472412,0.04326390679314831,0.0019490616757314176,-1.1945234980962819e-05,0.019224927894039755,0.007279648104329515,0.011692517634910525,0.07815813801849734,0.05707046818405365,-0.0878008688712893,-0.08538211872108169,-0.2924859447633755,-0.019454594455292303,-0.016355510804113814,0.06940132231242303,0.01522190302906847,0.4214168592777881,-0.15239846307328261,-0.014661085617121448,-0.004272108643654285,-0.006416994772990352,-0.009922430343374224,0.035545101942448344,-0.032175610826307086,-0.055000936755847815,0.05451735576062018,0.05022827709193369,-0.06354330923662808,-0.13669727065696685,0.019833660319910792,0.024437919626222677,0.04525660747137822,-0.1350399820209112,-0.018986760471045534,-0.004130874694976018,-0.05982387490539449,-0.00395281994532562,10.091649076410183
