ANXA10,CA9,CBLIF,CTSE,GAST,GHRL,GKN1,LIPF,MUCL3,PGA4,TFF1,TFF2,Intercept
0.02686704664131027,0.0026128344233630344,0.025558291263505454,-0.025963724078918015,-0.08451738598415277,0.05747757383293751,0.008417634124909996,0.09675292702568061,0.0864197119110129,-0.10954213737619445,-0.09810521033474537,-0.25382507442874785,10.09749211172459
