PTH,TG,Intercept
-0.13154966311309246,-0.0045387437035858255,9.99158670067999
