PTH,TG,Intercept
-0.11347128456503294,-0.0035025375058480644,9.975362068444417
