PTH,TG,Intercept
-0.12645116308564924,-0.004506766055201528,9.997006383403761
