PTH,TG,Intercept
-0.11485667960029486,0.00016851847220721546,9.991887424194054
