PTH,TG,Intercept
-0.11857894861787831,-0.007895337899121946,9.98233923358798
