"Intercept","CST5"
57.19061259223,2.69296406290768
57.1837755509806,2.77869400337489
57.1595062267202,2.74818782145646
57.1590707739987,2.75075099883348
57.1586127615829,2.73783312483768
