"CGA","GAL","GH1","GH2","GHRHR","LHB","PRL","TSHB"
0.0207252352464627,-0.173794200292182,0.00462582533602583,-0.0352326592267596,0.0154251436850962,-0.0636288867742893,-0.0588485776746915,-0.0404866574876971
0.0244990468304821,-0.146927789536806,0.0027890800584979,-0.0272060506894421,0,-0.0397407844457836,-0.0576555980094818,-0.0419034860880483
0.00828512176283284,-0.144547248806373,0.00450447376622456,-0.0288746937824192,0,-0.0262959593164,-0.0637268685846872,-0.0165648812131896
0.0232108701034394,-0.145001430854692,0.0106473012221916,-0.0362571618371699,0.0426674432862403,-0.045474352367963,-0.0823509142523958,-0.0317786167141087
0.0282531531426003,-0.145226074261261,0.000707812819412103,-0.029661909846365,0.0468750227152415,-0.0445166289018676,-0.0606526536689276,-0.0328845150629166
